{
  "timestamp": "2026-05-03 17:34:32",
  "ram_percent": 58.06244,
  "ram_total_gb": 15.891948699951172,
  "ram_free_gb": 6.664695739746094,
  "disk_percent": 91.0468,
  "disk_total_gb": 111.07030868530273,
  "disk_free_gb": 9.944347381591797,
  "cpu_percent": 0.0,
  "alerts": []
}